mean_predicted,fraction_positive
0.0,3.837092208414106e-06
0.4106066693451185,0.4100651886556635
