mean_predicted,fraction_positive
0.0,9.783357199921738e-06
0.0,3.034397760983094e-05
0.2980460775736366,0.2906915029349896
