{
  "n_folds": 4,
  "folds": [
    {
      "train_end_step": 350,
      "test_end_step": 450,
      "n_train": 2160953,
      "n_test": 465202,
      "fraud_rate_test_pct": 0.2485,
      "threshold": 0.0076,
      "PR-AUC": 0.9964,
      "ROC-AUC": 1.0,
      "Precision": 0.8731,
      "Recall": 1.0,
      "F1": 0.9323,
      "Brier": 6.4e-05
    },
    {
      "train_end_step": 450,
      "test_end_step": 550,
      "n_train": 2626155,
      "n_test": 62033,
      "fraud_rate_test_pct": 1.6249,
      "threshold": 0.125,
      "PR-AUC": 0.9998,
      "ROC-AUC": 1.0,
      "Precision": 0.999,
      "Recall": 1.0,
      "F1": 0.9995,
      "Brier": 7.3e-05
    },
    {
      "train_end_step": 550,
      "test_end_step": 650,
      "n_train": 2688188,
      "n_test": 47936,
      "fraud_rate_test_pct": 2.349,
      "threshold": 0.0054,
      "PR-AUC": 0.9987,
      "ROC-AUC": 0.9995,
      "Precision": 0.9707,
      "Recall": 0.9991,
      "F1": 0.9847,
      "Brier": 0.000261
    },
    {
      "train_end_step": 650,
      "test_end_step": 743,
      "n_train": 2736124,
      "n_test": 34285,
      "fraud_rate_test_pct": 2.9809,
      "threshold": 0.0275,
      "PR-AUC": 0.9996,
      "ROC-AUC": 1.0,
      "Precision": 0.9817,
      "Recall": 1.0,
      "F1": 0.9908,
      "Brier": 0.000298
    }
  ],
  "PR-AUC": {
    "mean": 0.9986,
    "std": 0.0013
  },
  "ROC-AUC": {
    "mean": 0.9999,
    "std": 0.0002
  },
  "Precision": {
    "mean": 0.9561,
    "std": 0.049
  },
  "Recall": {
    "mean": 0.9998,
    "std": 0.0004
  },
  "F1": {
    "mean": 0.9768,
    "std": 0.0262
  },
  "Brier": {
    "mean": 0.0002,
    "std": 0.0001
  }
}