train_end_step,test_end_step,n_train,n_test,fraud_rate_test_pct,threshold,PR-AUC,ROC-AUC,Precision,Recall,F1,Brier
350,450,2160953,465202,0.2485,0.0076,0.9964,1.0,0.8731,1.0,0.9323,6.4e-05
450,550,2626155,62033,1.6249,0.125,0.9998,1.0,0.999,1.0,0.9995,7.3e-05
550,650,2688188,47936,2.349,0.0054,0.9987,0.9995,0.9707,0.9991,0.9847,0.000261
650,743,2736124,34285,2.9809,0.0275,0.9996,1.0,0.9817,1.0,0.9908,0.000298
